Insurer,Location,RTO codes,Note
Liberty General,Andaman & Nicobar Islands,AN01 AN02,From the insurer RTO list in Commission Matrix Oct 26
Liberty General,Andhra Pradesh (1 KV),AP07 AP08 AP16 AP17 AP18 AP19 AP37 AP38 AP39 AP40,From the insurer RTO list in Commission Matrix Oct 26
Liberty General,Andhra Pradesh (2 V),AP05 AP06 AP30 AP31 AP32 AP33 AP34 AP35,From the insurer RTO list in Commission Matrix Oct 26
Liberty General,Andhra Pradesh (3 R),AP02 AP03 AP04 AP14 AP21 AP26 AP27,From the insurer RTO list in Commission Matrix Oct 26
Liberty General,Arunachal Pradesh,AR01 AR02 AR03 AR04 AR05 AR06 AR07 AR08 AR09 AR10 AR11 AR12 AR13 AR14 AR15 AR16 AR17 AR18 AR19 AR20 AR22 AR23 AR25 AR26 AR24,From the insurer RTO list in Commission Matrix Oct 26
Liberty General,Assam (1 GK),AS01 AS25,From the insurer RTO list in Commission Matrix Oct 26
Liberty General,Assam (2 U),AS03 AS04 AS05 AS06 AS22 AS23 AS33,From the insurer RTO list in Commission Matrix Oct 26
Liberty General,Assam (3 R),AS02 AS07 AS08 AS09 AS10 AS11 AS12 AS13 AS14 AS15 AS16 AS17 AS18 AS19 AS20 AS21 AS24 AS26 AS27 AS28 AS29 AS30 AS31 AS32 AS34,From the insurer RTO list in Commission Matrix Oct 26
Liberty General,Bihar,BR01 BR02 BR03 BR04 BR05 BR06 BR07 BR08 BR09 BR10 BR11 BR13 BR14 BR15 BR19 BR21 BR22 BR24 BR25 BR26 BR27 BR28 BR29 BR30 BR31 BR32 BR33 BR34 BR37 BR38 BR39 BR43 BR44 BR45 BR46 BR50 BR51 BR52 BR53 BR55 BR56 BR57,From the insurer RTO list in Commission Matrix Oct 26
Liberty General,Chandigarh (Tricity),CH01 CH02 CH03 CH04 HR03 HR49 HR68 PB27 PB65 PB70 PB87,From the insurer RTO list in Commission Matrix Oct 26
Liberty General,Chhattisgarh (1 RA),CG04 CG07 CG12 CG13 MP23 MP24,From the insurer RTO list in Commission Matrix Oct 26
Liberty General,Chhattisgarh (2 R),CG01 CG02 CG03 CG05 CG06 CG08 CG09 CG10 CG11 CG14 CG15 CG16 CG17 CG18 CG19 CG20 CG21 CG22 CG23 CG24 CG25 CG26 CG27 CG28 CG29 CG30 CG31 MP25 MP26 MP27 MP29,From the insurer RTO list in Commission Matrix Oct 26
Liberty General,Delhi / NCR,DL01 DL02 DL03 DL04 DL05 DL06 DL07 DL08 DL09 DL10 DL11 DL12 DL13 DL14 DL1L DL1N DL1P DL1R DL1T DL1Y DL51 HR26 HR38 HR51 HR55 HR72 HR87 HR93 HR98 UP14 UP16 DL52,From the insurer RTO list in Commission Matrix Oct 26
Liberty General,Goa,GA01 GA02 GA03 GA04 GA05 GA06 GA07 GA08 GA09 GA10 GA11 GA12 GA13,From the insurer RTO list in Commission Matrix Oct 26
Liberty General,Gujarat (1 A),GJ01 GJ18 GJ27 GJ38,From the insurer RTO list in Commission Matrix Oct 26
Liberty General,Gujarat (2 B),GJ06 GJ29,From the insurer RTO list in Commission Matrix Oct 26
Liberty General,Gujarat (3 RA),GJ03,From the insurer RTO list in Commission Matrix Oct 26
Liberty General,Gujarat (4 R),GJ02 GJ04 GJ07 GJ08 GJ09 GJ10 GJ11 GJ12 GJ13 GJ14 GJ16 GJ17 GJ20 GJ22 GJ23 GJ24 GJ25 GJ31 GJ32 GJ33 GJ34 GJ35 GJ36 GJ37 GJ39,From the insurer RTO list in Commission Matrix Oct 26
Liberty General,Gujarat (4 S),DD01 DD02 DD03 DN09 DN13 GJ05 GJ15 GJ19 GJ21 GJ26 GJ28 GJ30,From the insurer RTO list in Commission Matrix Oct 26
Liberty General,Haryana (1 R),HR01 HR02 HR04 HR05 HR06 HR07 HR08 HR09 HR10 HR11 HR12 HR13 HR14 HR15 HR16 HR17 HR18 HR19 HR20 HR21 HR22 HR23 HR24 HR25 HR27 HR28 HR29 HR30 HR31 HR32 HR33 HR34 HR35 HR36 HR37 HR39 HR40 HR41 HR42 HR43 HR44 HR45 HR46 HR47 HR48 HR50 HR52 HR53 HR54 HR56 HR57 HR58 HR59 HR60 HR61 HR62 HR63 HR64 HR65 HR66 HR67 HR69 HR71 HR73 HR74 HR75 HR76 HR77 HR78 HR79 HR80 HR81 HR82 HR83 HR84 HR85 HR86 HR88 HR89 HR90 HR91 HR92 HR94 HR95 HR96 HR97,From the insurer RTO list in Commission Matrix Oct 26
Liberty General,Himachal Pradesh (1 KMSO),HP05 HP12 HP14 HP31 HP32 HP33 HP34 HP40 HP58 HP59 HP61 HP64 HP65 HP66 HP68 HP82 HP83 HP87 HP96 HP97 HP98 HP99,From the insurer RTO list in Commission Matrix Oct 26
Liberty General,Himachal Pradesh (2 R),HP01 HP02 HP03 HP04 HP06 HP07 HP08 HP09 HP10 HP11 HP13 HP15 HP16 HP17 HP18 HP19 HP20 HP21 HP22 HP23 HP24 HP25 HP26 HP27 HP28 HP29 HP30 HP35 HP36 HP37 HP38 HP39 HP41 HP42 HP43 HP44 HP45 HP46 HP47 HP48 HP49 HP50 HP51 HP52 HP53 HP54 HP55 HP56 HP57 HP60 HP62 HP63 HP67 HP69 HP70 HP71 HP72 HP73 HP74 HP76 HP77 HP78 HP79 HP80 HP81 HP84 HP85 HP86 HP88 HP89 HP90 HP91 HP92 HP93 HP94 HP95,From the insurer RTO list in Commission Matrix Oct 26
Liberty General,Jammu & Kashmir (1 J),JK02,From the insurer RTO list in Commission Matrix Oct 26
Liberty General,Jammu & Kashmir (2 R),JK01 JK03 JK04 JK05 JK06 JK07 JK08 JK09 JK10 JK11 JK12 JK13 JK14 JK15 JK16 JK17 JK18 JK19 JK20 JK21 JK22 LA01 LA02,From the insurer RTO list in Commission Matrix Oct 26
Liberty General,Jharkhand,BR12 BR16 BR17 BR18 BR20 BR23 BR35 BR36 BR40 BR41 BR42 BR47 JH01 JH02 JH03 JH04 JH05 JH06 JH07 JH08 JH09 JH10 JH11 JH12 JH13 JH14 JH15 JH16 JH17 JH18 JH19 JH20 JH21 JH22 JH23 JH24,From the insurer RTO list in Commission Matrix Oct 26
Liberty General,Karnataka (1 B),KA01 KA02 KA03 KA04 KA05 KA41 KA43 KA50 KA51 KA52 KA53 KA57 KA58 KA59 KA60 KA61,From the insurer RTO list in Commission Matrix Oct 26
Liberty General,Karnataka (2 BD),KA22 KA25 KA30,From the insurer RTO list in Commission Matrix Oct 26
Liberty General,Karnataka (3 MM),KA09 KA19 KA21 KA55,From the insurer RTO list in Commission Matrix Oct 26
Liberty General,Karnataka (4 R),KA06 KA07 KA08 KA10 KA11 KA12 KA13 KA14 KA15 KA16 KA17 KA18 KA20 KA23 KA24 KA26 KA27 KA28 KA29 KA31 KA32 KA33 KA34 KA35 KA36 KA37 KA38 KA39 KA40 KA42 KA44 KA45 KA46 KA47 KA48 KA49 KA54 KA56 KA62 KA63 KA64 KA65 KA66 KA67 KA68 KA69 KA70 KA71,From the insurer RTO list in Commission Matrix Oct 26
Liberty General,Kerala (1 CE),KL06 KL07 KL69,From the insurer RTO list in Commission Matrix Oct 26
Liberty General,Kerala (2 N),KL08 KL10 KL11 KL13 KL75 KL84,From the insurer RTO list in Commission Matrix Oct 26
Liberty General,Kerala (3 T),KL01 KL15 KL74 KL81,From the insurer RTO list in Commission Matrix Oct 26
Liberty General,Kerala (4 R),KL02 KL03 KL04 KL05 KL09 KL12 KL14 KL16 KL17 KL18 KL19 KL20 KL21 KL22 KL23 KL24 KL25 KL26 KL27 KL28 KL29 KL30 KL31 KL32 KL33 KL34 KL35 KL36 KL37 KL38 KL39 KL40 KL41 KL42 KL43 KL44 KL45 KL46 KL47 KL48 KL49 KL50 KL51 KL52 KL53 KL54 KL55 KL56 KL57 KL58 KL59 KL60 KL61 KL62 KL63 KL64 KL65 KL66 KL67 KL68 KL70 KL71 KL72 KL73 KL76 KL77 KL78 KL79 KL80 KL82 KL83 KL85 KL86,From the insurer RTO list in Commission Matrix Oct 26
Liberty General,Lakshadweep,LD01 LD02 LD03 LD04 LD05 LD06 LD07 LD08 LD09,From the insurer RTO list in Commission Matrix Oct 26
Liberty General,Madhya Pradesh (1 BI),MP04 MP09,From the insurer RTO list in Commission Matrix Oct 26
Liberty General,Madhya Pradesh (2 GJ),MP06 MP07 MP16 MP17 MP18 MP20 MP21 MP22 MP30 MP31 MP32 MP33 MP34 MP35 MP49 MP50 MP51 MP52 MP53 MP54 MP65 MP66 MP67,From the insurer RTO list in Commission Matrix Oct 26
Liberty General,Madhya Pradesh (3 R),MP01 MP02 MP03 MP05 MP08 MP10 MP11 MP12 MP13 MP14 MP15 MP19 MP28 MP36 MP37 MP38 MP39 MP40 MP41 MP42 MP43 MP44 MP45 MP46 MP47 MP48 MP55 MP68 MP69 MP70,From the insurer RTO list in Commission Matrix Oct 26
Liberty General,Maharashtra (1 M),MH01 MH02 MH03 MH04 MH05 MH06 MH43 MH46 MH47 MH48 MH58,From the insurer RTO list in Commission Matrix Oct 26
Liberty General,Maharashtra (2 P),MH12 MH14,From the insurer RTO list in Commission Matrix Oct 26
Liberty General,Maharashtra (3 N),MH30 MH31 MH32 MH33 MH34 MH35 MH36 MH40 MH49,From the insurer RTO list in Commission Matrix Oct 26
Liberty General,Maharashtra (4 K),MH07 MH08 MH09,From the insurer RTO list in Commission Matrix Oct 26
Liberty General,Maharashtra (5 R),MH10 MH11 MH15 MH20 MH42 MH51 MH57,From the insurer RTO list in Commission Matrix Oct 26
Liberty General,Maharashtra (6 R),MH13 MH16 MH17 MH18 MH19 MH21 MH22 MH23 MH24 MH25 MH26 MH27 MH28 MH29 MH37 MH38 MH39 MH41 MH44 MH45 MH50 MH52 MH53 MH54 MH55 MH56,From the insurer RTO list in Commission Matrix Oct 26
Liberty General,Manipur,MN01 MN02 MN03 MN04 MN05 MN06 MN07 MN08 MN10,From the insurer RTO list in Commission Matrix Oct 26
Liberty General,Meghalaya,ML01 ML02 ML03 ML04 ML05 ML06 ML07 ML08 ML09 ML10 ML11 ML12 ML13 ML14 ML15,From the insurer RTO list in Commission Matrix Oct 26
Liberty General,Mizoram,MZ01 MZ02 MZ03 MZ04 MZ05 MZ06 MZ07 MZ08 MZ09,From the insurer RTO list in Commission Matrix Oct 26
Liberty General,Nagaland,NL01 NL02 NL03 NL04 NL05 NL06 NL07 NL08 NL10,From the insurer RTO list in Commission Matrix Oct 26
Liberty General,Odisha (1 B),OD02 OD33 OR02,From the insurer RTO list in Commission Matrix Oct 26
Liberty General,Odisha (2 R),OD01 OD11 OD15 OD22 OD23 OR01 OR11 OR15 OR22 OR23,From the insurer RTO list in Commission Matrix Oct 26
Liberty General,Odisha (3 R),OD03 OD04 OD05 OD06 OD07 OD08 OD09 OD10 OD12 OD13 OD14 OD16 OD17 OD18 OD19 OD20 OD21 OD24 OD25 OD26 OD27 OD28 OD29 OD30 OD31 OD32 OD34 OD35 OR03 OR04 OR05 OR06 OR07 OR08 OR09 OR10 OR12 OR13 OR14 OR16 OR17 OR18 OR19 OR20 OR21 OR24 OR25 OR26 OR27 OR28 OR29 OR30 OR31,From the insurer RTO list in Commission Matrix Oct 26
Liberty General,Punjab (1 ALPJG),PB02 PB04 PB05 PB06 PB08 PB09 PB10 PB13 PB14 PB17 PB18 PB24 PB25 PB26 PB28 PB29 PB30 PB32 PB33 PB35 PB36 PB37 PB41 PB42 PB43 PB44 PB47 PB50 PB51 PB53 PB54 PB55 PB56 PB57 PB58 PB62 PB63 PB64 PB66 PB67 PB68 PB69 PB75 PB76 PB77 PB78 PB79 PB81 PB82 PB84 PB85 PB86 PB89 PB90 PB91 PB92 PB99 PB93,From the insurer RTO list in Commission Matrix Oct 26
Liberty General,Punjab (2 BHR),HR70 PB01 PB03 PB07 PB11 PB12 PB15 PB16 PB19 PB20 PB21 PB22 PB23 PB31 PB34 PB38 PB39 PB40 PB45 PB46 PB48 PB49 PB52 PB59 PB60 PB61 PB71 PB72 PB73 PB74 PB80 PB83 PB88,From the insurer RTO list in Commission Matrix Oct 26
Liberty General,Rajasthan (1 J),RJ14 RJ33 RJ45 RJ59,From the insurer RTO list in Commission Matrix Oct 26
Liberty General,Rajasthan (2 JOK),RJ19 RJ20 RJ54,From the insurer RTO list in Commission Matrix Oct 26
Liberty General,Rajasthan (3 U),RJ03 RJ06 RJ09 RJ12 RJ24 RJ27 RJ30 RJ35 RJ38 RJ51 RJ58,From the insurer RTO list in Commission Matrix Oct 26
Liberty General,Rajasthan (4 R),RJ01 RJ02 RJ04 RJ05 RJ07 RJ08 RJ10 RJ11 RJ13 RJ15 RJ16 RJ17 RJ18 RJ21 RJ22 RJ23 RJ25 RJ26 RJ28 RJ29 RJ31 RJ32 RJ34 RJ36 RJ37 RJ39 RJ40 RJ41 RJ42 RJ43 RJ44 RJ46 RJ47 RJ48 RJ49 RJ50 RJ52 RJ53 RJ55 RJ56 RJ57,From the insurer RTO list in Commission Matrix Oct 26
Liberty General,Sikkim,SK01 SK02 SK03 SK04 SK05 SK06 SK07 SK08,From the insurer RTO list in Commission Matrix Oct 26
Liberty General,Tamil Nadu (1 C),TN01 TN02 TN03 TN04 TN05 TN06 TN07 TN09 TN10 TN11 TN12 TN13 TN14 TN18 TN22 TN85,From the insurer RTO list in Commission Matrix Oct 26
Liberty General,Tamil Nadu (2 CO),TN37 TN38 TN66 TN99,From the insurer RTO list in Commission Matrix Oct 26
Liberty General,Tamil Nadu (3 R),PY01 PY02 PY03 PY04 PY05 TN15 TN16 TN19 TN20 TN21 TN23 TN24 TN25 TN27 TN28 TN29 TN30 TN31 TN32 TN33 TN34 TN36 TN39 TN40 TN41 TN42 TN43 TN45 TN46 TN47 TN48 TN49 TN50 TN51 TN52 TN54 TN55 TN56 TN57 TN58 TN59 TN60 TN61 TN63 TN64 TN65 TN67 TN68 TN69 TN70 TN72 TN73 TN74 TN75 TN76 TN77 TN78 TN79 TN81 TN82 TN83 TN84 TN86 TN87 TN88 TN90 TN91 TN92 TN93 TN94 TN95 TN96 TN97,From the insurer RTO list in Commission Matrix Oct 26
Liberty General,Telangana (1 H),AP09 AP10 AP11 AP12 AP13 AP28 AP29 TS07 TS08 TS09 TS10 TS11 TS12 TS13 TS14 TG07 TG08 TG09 TG10 TG11 TG12 TG13 TG14,From the insurer RTO list in Commission Matrix Oct 26
Liberty General,Telangana (2 R),AP01 AP15 AP20 AP22 AP23 AP24 AP25 AP36 TS01 TS02 TS03 TS04 TS05 TS06 TS15 TS16 TS17 TS18 TS19 TS20 TS21 TS22 TS23 TS24 TS25 TS26 TS27 TS28 TS29 TS30 TS31 TS32 TS33 TS34 TS35 TS36 TS37 TS38 TG01 TG02 TG03 TG04 TG05 TG06 TG15 TG16 TG17 TG18 TG19 TG20 TG21 TG22 TG23 TG24 TG25 TG26 TG27 TG28 TG29 TG30 TG31 TG32 TG33 TG34 TG35 TG36 TG37 TG38,From the insurer RTO list in Commission Matrix Oct 26
Liberty General,Tripura,TR01 TR02 TR03 TR04 TR05 TR06 TR07 TR08,From the insurer RTO list in Commission Matrix Oct 26
Liberty General,Uttar Pradesh (1 VA),UP63 UP65 UP66 UP70 UP71 UP72 UP73 UP96,From the insurer RTO list in Commission Matrix Oct 26
Liberty General,Uttar Pradesh (2 LK),UP21 UP28 UP30 UP32 UP33 UP34 UP36 UP40 UP41 UP77 UP78 UP91,From the insurer RTO list in Commission Matrix Oct 26
Liberty General,Uttar Pradesh (3 G),UP43 UP45 UP46 UP47 UP51 UP52 UP53 UP58 UP60 UP61 UP64 UP67,From the insurer RTO list in Commission Matrix Oct 26
Liberty General,Uttar Pradesh (4 R),UP11 UP12 UP13 UP15 UP17 UP18 UP19 UP20 UP22 UP23 UP24 UP25 UP26 UP27 UP31 UP35 UP37 UP38 UP42 UP44 UP50 UP54 UP55 UP56 UP57 UP62 UP74 UP75 UP76 UP79 UP80 UP81 UP82 UP83 UP84 UP85 UP86 UP87 UP90 UP92 UP93 UP94 UP95,From the insurer RTO list in Commission Matrix Oct 26
Liberty General,Uttarakhand (1 D),UA07 UA08 UK07 UK08 UK16 UK17,From the insurer RTO list in Commission Matrix Oct 26
Liberty General,Uttarakhand (2 R),UA01 UA02 UA03 UA04 UA05 UA06 UA09 UA10 UA11 UA12 UA13 UA18 UK01 UK02 UK03 UK04 UK05 UK06 UK09 UK10 UK11 UK12 UK13 UK14 UK15 UK18 UK19 UK20,From the insurer RTO list in Commission Matrix Oct 26
Liberty General,West Bengal (1 K),WB01 WB02 WB03 WB04 WB05 WB06 WB07 WB08 WB09 WB10 WB11 WB12 WB13 WB14 WB15 WB16 WB17 WB18 WB20 WB22 WB23 WB24 WB25 WB26 WB89 WB90 WB95 WB96 WB97 WB98,From the insurer RTO list in Commission Matrix Oct 26
Liberty General,West Bengal (2 AD),WB37 WB38 WB39 WB40 WB44 WB55 WB56,From the insurer RTO list in Commission Matrix Oct 26
Liberty General,West Bengal (3 S),WB73 WB74 WB76 WB77 WB78 WB79,From the insurer RTO list in Commission Matrix Oct 26
Liberty General,West Bengal (4 R),WB47 WB48 WB63 WB64 WB65 WB66 WB67 WB68 WB87 WB88,From the insurer RTO list in Commission Matrix Oct 26
Liberty General,West Bengal (5 R),WB19 WB21 WB27 WB28 WB29 WB30 WB31 WB32 WB33 WB34 WB35 WB36 WB41 WB42 WB43 WB45 WB46 WB49 WB50 WB51 WB52 WB53 WB54 WB57 WB58 WB59 WB60 WB61 WB62 WB69 WB70 WB71 WB72 WB75 WB81 WB82 WB83 WB84 WB85 WB86 WB91 WB92 WB93 WB94,From the insurer RTO list in Commission Matrix Oct 26
Zurich Kotak,Andhra Pradesh (Group1),AP11,From the insurer RTO list in Commission Matrix Oct 26
Zurich Kotak,Andhra Pradesh (Group2),AP09 AP10 AP28 AP29,From the insurer RTO list in Commission Matrix Oct 26
Zurich Kotak,Andhra Pradesh (Group3),AP37 AP31,From the insurer RTO list in Commission Matrix Oct 26
Zurich Kotak,Andhra Pradesh (Group4),AP16,From the insurer RTO list in Commission Matrix Oct 26
Zurich Kotak,Andhra Pradesh (Group5),AP05 AP17 AP18 AP19,From the insurer RTO list in Commission Matrix Oct 26
Zurich Kotak,Andhra Pradesh (Group6),AP12 AP13 AP14 AP01 AP15 AP20 AP22 AP23 AP24 AP25 AP36,From the insurer RTO list in Commission Matrix Oct 26
Zurich Kotak,Andhra Pradesh (Group7),AP04 AP06 AP08 AP27 AP30 AP35 AP38 AP26 AP32 AP33 AP34,From the insurer RTO list in Commission Matrix Oct 26
Zurich Kotak,Andhra Pradesh (Group8),AP02 AP07 AP21,From the insurer RTO list in Commission Matrix Oct 26
Zurich Kotak,Andhra Pradesh (Group9),AP51 AP52 AP54 AP55 AP56 AP58 AP03,From the insurer RTO list in Commission Matrix Oct 26
Zurich Kotak,Bihar (Group1),BR12 BR13 BR15 BR16 BR18 BR20 BR23 BR35 BR36 BR40 BR41 BR42 BR47 BR48,From the insurer RTO list in Commission Matrix Oct 26
Zurich Kotak,Bihar (Group2),BR01 BR02 BR03 BR04 BR05 BR06 BR07 BR08 BR09 BR10 BR11 BR19 BR21 BR22 BR24 BR25 BR26 BR27 BR28 BR29 BR30 BR31 BR32 BR33 BR34 BR37 BR38 BR39 BR43 BR44 BR45 BR46 BR50 BR51 BR52 BR53 BR55 BR56 BR57,From the insurer RTO list in Commission Matrix Oct 26
Zurich Kotak,Bihar (Group3),BR17,From the insurer RTO list in Commission Matrix Oct 26
Zurich Kotak,Bihar (Group4),BR14,From the insurer RTO list in Commission Matrix Oct 26
Zurich Kotak,Bihar (Group5),BR65 BR74 BR79 BR96,From the insurer RTO list in Commission Matrix Oct 26
Zurich Kotak,Chandigarh (Group1),CH01 CH02 CH03 CH04 CH12 CH23 CH24 CH45 CH90,From the insurer RTO list in Commission Matrix Oct 26
Zurich Kotak,Chhattisgarh (Group1),CG07 CG12,From the insurer RTO list in Commission Matrix Oct 26
Zurich Kotak,Chhattisgarh (Group2),CG10 CG13 CG15,From the insurer RTO list in Commission Matrix Oct 26
Zurich Kotak,Chhattisgarh (Group3),CG04,From the insurer RTO list in Commission Matrix Oct 26
Zurich Kotak,Chhattisgarh (Group4),CG05 CG06 CG08 CG09 CG11 CG14 CG16 CG17 CG18 CG19 CG20 CG21 CG22 CG23 CG24 CG25 CG26 CG27 CG28 CG29 CG30,From the insurer RTO list in Commission Matrix Oct 26
Zurich Kotak,Chhattisgarh (Group5),CG01 CG02 CG03,From the insurer RTO list in Commission Matrix Oct 26
Zurich Kotak,Delhi / NCR (Group1),DL06,From the insurer RTO list in Commission Matrix Oct 26
Zurich Kotak,Delhi / NCR (Group2),DL14 DL01,From the insurer RTO list in Commission Matrix Oct 26
Zurich Kotak,Delhi / NCR (Group3),DL02 DL05,From the insurer RTO list in Commission Matrix Oct 26
Zurich Kotak,Delhi / NCR (Group4),DL07 DL04 DL12 DL08,From the insurer RTO list in Commission Matrix Oct 26
Zurich Kotak,Delhi / NCR (Group5),DL10 DL09 DL03,From the insurer RTO list in Commission Matrix Oct 26
Zurich Kotak,Delhi / NCR (Group6),DL17 DL38 DL48 DL52 DL53 DL56 DL77,From the insurer RTO list in Commission Matrix Oct 26
Zurich Kotak,Delhi / NCR (Group7),DL18 DL15 DL30 DL51,From the insurer RTO list in Commission Matrix Oct 26
Zurich Kotak,Delhi / NCR (Group8),DL13,From the insurer RTO list in Commission Matrix Oct 26
Zurich Kotak,Delhi / NCR (Group9),DL16 DL11 DL19 DL20 DL21 DL22 DL24 DL25 DL26 DL27 DL29 DL31 DL32 DL33 DL35 DL36 DL37 DL41 DL43 DL44 DL45 DL46 DL47 DL50 DL55 DL57 DL62 DL66 DL70 DL71 DL72 DL73 DL75 DL76 DL80 DL82 DL83 DL85 DL87 DL88 DL89 DL90 DL91 DL92 DL93 DL96 DL97 DL98 DL99,From the insurer RTO list in Commission Matrix Oct 26
Zurich Kotak,Goa (Group1),GA01 GA02 GA03 GA04 GA05 GA06 GA07 GA08 GA09 GA10 GA11 GA12,From the insurer RTO list in Commission Matrix Oct 26
Zurich Kotak,Gujarat (Group1),GJ15 GJ21 GJ05,From the insurer RTO list in Commission Matrix Oct 26
Zurich Kotak,Gujarat (Group10),GJ28,From the insurer RTO list in Commission Matrix Oct 26
Zurich Kotak,Gujarat (Group11),GJ39,From the insurer RTO list in Commission Matrix Oct 26
Zurich Kotak,Gujarat (Group12),GJ41 GJ42 GJ43 GJ45 GJ50 GJ51 GJ53 GJ54 GJ55 GJ60 GJ61 GJ66 GJ67 GJ69 GJ70 GJ78 GJ80,From the insurer RTO list in Commission Matrix Oct 26
Zurich Kotak,Gujarat (Group2),GJ01,From the insurer RTO list in Commission Matrix Oct 26
Zurich Kotak,Gujarat (Group3),GJ19 GJ16,From the insurer RTO list in Commission Matrix Oct 26
Zurich Kotak,Gujarat (Group4),GJ06 GJ13 GJ03,From the insurer RTO list in Commission Matrix Oct 26
Zurich Kotak,Gujarat (Group5),GJ04 GJ11 GJ36 GJ18 GJ23 GJ27,From the insurer RTO list in Commission Matrix Oct 26
Zurich Kotak,Gujarat (Group6),GJ12,From the insurer RTO list in Commission Matrix Oct 26
Zurich Kotak,Gujarat (Group7),GJ17 GJ08 GJ24,From the insurer RTO list in Commission Matrix Oct 26
Zurich Kotak,Gujarat (Group8),GJ02 GJ09 GJ10,From the insurer RTO list in Commission Matrix Oct 26
Zurich Kotak,Gujarat (Group9),GJ38 GJ07 GJ14 GJ20 GJ22 GJ25 GJ26 GJ30 GJ31 GJ32 GJ33 GJ34 GJ35 GJ37 GJ29,From the insurer RTO list in Commission Matrix Oct 26
Zurich Kotak,Himachal Pradesh (Group1),HP01 HP02 HP03 HP04 HP05 HP06 HP07 HP08 HP09 HP10 HP11 HP12 HP13 HP14 HP15 HP16 HP17 HP18 HP19 HP20 HP21 HP22 HP23 HP24 HP25 HP26 HP27 HP28 HP29 HP30 HP31 HP32 HP33 HP34 HP35 HP36 HP37 HP38 HP39 HP40 HP41 HP42 HP43 HP44 HP45 HP46 HP47 HP48 HP49 HP50 HP51 HP52 HP53 HP54 HP55 HP56 HP57 HP58 HP59 HP60 HP61 HP62 HP63 HP64 HP65 HP66 HP67 HP68 HP69 HP70 HP71 HP72 HP73 HP74 HP76 HP77 HP78 HP79 HP80 HP81 HP82 HP83 HP84 HP85 HP86 HP87 HP88 HP89 HP90 HP91 HP92 HP93 HP94 HP95 HP96 HP97,From the insurer RTO list in Commission Matrix Oct 26
Zurich Kotak,Jammu & Kashmir (Group1),JK01,From the insurer RTO list in Commission Matrix Oct 26
Zurich Kotak,Jammu & Kashmir (Group2),JK07 JK10,From the insurer RTO list in Commission Matrix Oct 26
Zurich Kotak,Jammu & Kashmir (Group3),JK02 JK03 JK04 JK05 JK06 JK08 JK09 JK11 JK12 JK13 JK14 JK15 JK16 JK17 JK18 JK19 JK20 JK21 JK22,From the insurer RTO list in Commission Matrix Oct 26
Zurich Kotak,Jharkhand (Group1),JH05 JH09,From the insurer RTO list in Commission Matrix Oct 26
Zurich Kotak,Jharkhand (Group2),JH02,From the insurer RTO list in Commission Matrix Oct 26
Zurich Kotak,Jharkhand (Group3),JH03 JH04 JH06 JH07 JH08 JH11 JH12 JH13 JH14 JH15 JH16 JH17 JH18 JH19 JH20 JH21 JH22 JH23 JH24 JH10 JH01,From the insurer RTO list in Commission Matrix Oct 26
Zurich Kotak,Karnataka (Group1),KA01 KA03 KA05 KA51 KA53,From the insurer RTO list in Commission Matrix Oct 26
Zurich Kotak,Karnataka (Group2),KA04 KA41 KA50,From the insurer RTO list in Commission Matrix Oct 26
Zurich Kotak,Karnataka (Group5),KA02,From the insurer RTO list in Commission Matrix Oct 26
Zurich Kotak,Maharashtra (Group1),MH02 MH03 MH47 MH04 MH05 MH11 MH43 MH06 MH46,From the insurer RTO list in Commission Matrix Oct 26
Zurich Kotak,Maharashtra (Group10),MH07 MH08 MH13 MH17 MH18 MH21 MH22 MH23 MH24 MH25 MH26 MH28 MH29 MH30 MH32 MH33 MH35 MH36 MH37 MH38 MH39 MH44 MH45 MH50 MH52 MH41 MH51 MH20,From the insurer RTO list in Commission Matrix Oct 26
Zurich Kotak,Maharashtra (Group11),MH54 MH55,From the insurer RTO list in Commission Matrix Oct 26
Zurich Kotak,Maharashtra (Group12),MH27,From the insurer RTO list in Commission Matrix Oct 26
Zurich Kotak,Maharashtra (Group2),MH09 MH12 MH14,From the insurer RTO list in Commission Matrix Oct 26
Zurich Kotak,Maharashtra (Group3),MH48,From the insurer RTO list in Commission Matrix Oct 26
Zurich Kotak,Maharashtra (Group4),MH31 MH10 MH16 MH19,From the insurer RTO list in Commission Matrix Oct 26
Zurich Kotak,Maharashtra (Group5),MH40 MH49,From the insurer RTO list in Commission Matrix Oct 26
Zurich Kotak,Maharashtra (Group6),MH15,From the insurer RTO list in Commission Matrix Oct 26
Zurich Kotak,Maharashtra (Group7),MH42,From the insurer RTO list in Commission Matrix Oct 26
Zurich Kotak,Maharashtra (Group8),MH01,From the insurer RTO list in Commission Matrix Oct 26
Zurich Kotak,Maharashtra (Group9),MH34,From the insurer RTO list in Commission Matrix Oct 26
Zurich Kotak,Odisha (Group1),OD02 OD33,From the insurer RTO list in Commission Matrix Oct 26
Zurich Kotak,Odisha (Group2),OD01 OD03 OD04 OD06 OD07 OD08 OD09 OD10 OD11 OD12 OD13 OD14 OD15 OD16 OD17 OD18 OD19 OD20 OD21 OD22 OD23 OD24 OD25 OD26 OD27 OD28 OD29 OD30 OD31 OD32 OD34 OD35,From the insurer RTO list in Commission Matrix Oct 26
Zurich Kotak,Odisha (Group3),OD05,From the insurer RTO list in Commission Matrix Oct 26
Zurich Kotak,Punjab (Group1),PB02,From the insurer RTO list in Commission Matrix Oct 26
Zurich Kotak,Punjab (Group2),PB10 PB08,From the insurer RTO list in Commission Matrix Oct 26
Zurich Kotak,Punjab (Group3),PB14 PB17 PB63 PB81 PB89,From the insurer RTO list in Commission Matrix Oct 26
Zurich Kotak,Punjab (Group4),PB25 PB26 PB41 PB43 PB55 PB56 PB75 PB91,From the insurer RTO list in Commission Matrix Oct 26
Zurich Kotak,Punjab (Group5),PB06 PB01 PB04 PB05 PB07 PB09 PB12 PB13 PB15 PB16 PB18 PB19 PB20 PB21 PB22 PB23 PB24 PB27 PB28 PB29 PB30 PB31 PB32 PB33 PB34 PB35 PB36 PB37 PB38 PB39 PB40 PB42 PB44 PB45 PB46 PB47 PB48 PB49 PB50 PB51 PB52 PB53 PB54 PB57 PB58 PB59 PB60 PB61 PB62 PB64 PB66 PB67 PB68 PB69 PB70 PB71 PB72 PB73 PB74 PB76 PB77 PB78 PB79 PB80 PB82 PB83 PB84 PB85 PB86 PB87 PB88 PB90 PB92 PB99,From the insurer RTO list in Commission Matrix Oct 26
Zurich Kotak,Punjab (Group6),PB03 PB65,From the insurer RTO list in Commission Matrix Oct 26
Zurich Kotak,Punjab (Group7),PB11,From the insurer RTO list in Commission Matrix Oct 26
Zurich Kotak,Telangana (Group1),TS09,From the insurer RTO list in Commission Matrix Oct 26
Zurich Kotak,Telangana (Group2),TS10 TS07,From the insurer RTO list in Commission Matrix Oct 26
Zurich Kotak,Telangana (Group3),TS08,From the insurer RTO list in Commission Matrix Oct 26
Zurich Kotak,Telangana (Group4),TS15,From the insurer RTO list in Commission Matrix Oct 26
Zurich Kotak,Telangana (Group5),TS11 TS12 TS13 TS14 TS01 TS02 TS03 TS04 TS05 TS06 TS16 TS17 TS18 TS19 TS20 TS21 TS22 TS23 TS24 TS25 TS26 TS27 TS28 TS29 TS30 TS31 TS32 TS33 TS34 TS35 TS36 TS37 TS38,From the insurer RTO list in Commission Matrix Oct 26
Zurich Kotak,Uttar Pradesh (Group1),UP16,From the insurer RTO list in Commission Matrix Oct 26
Zurich Kotak,Uttar Pradesh (Group10),UP80,From the insurer RTO list in Commission Matrix Oct 26
Zurich Kotak,Uttar Pradesh (Group11),UP47,From the insurer RTO list in Commission Matrix Oct 26
Zurich Kotak,Uttar Pradesh (Group12),UP91 UP72,From the insurer RTO list in Commission Matrix Oct 26
Zurich Kotak,Uttar Pradesh (Group13),UP01 UP02 UP03 UP04 UP05 UP06 UP07 UP08 UP09 UP10,From the insurer RTO list in Commission Matrix Oct 26
Zurich Kotak,Uttar Pradesh (Group14),UP83,From the insurer RTO list in Commission Matrix Oct 26
Zurich Kotak,Uttar Pradesh (Group15),UP13,From the insurer RTO list in Commission Matrix Oct 26
Zurich Kotak,Uttar Pradesh (Group16),UP81,From the insurer RTO list in Commission Matrix Oct 26
Zurich Kotak,Uttar Pradesh (Group2),UP14,From the insurer RTO list in Commission Matrix Oct 26
Zurich Kotak,Uttar Pradesh (Group3),UP32 UP65,From the insurer RTO list in Commission Matrix Oct 26
Zurich Kotak,Uttar Pradesh (Group4),UP70 UP78 UP11 UP20 UP37,From the insurer RTO list in Commission Matrix Oct 26
Zurich Kotak,Uttar Pradesh (Group5),UP53 UP15,From the insurer RTO list in Commission Matrix Oct 26
Zurich Kotak,Uttar Pradesh (Group6),UP77 UP12 UP21,From the insurer RTO list in Commission Matrix Oct 26
Zurich Kotak,Uttar Pradesh (Group7),UP29,From the insurer RTO list in Commission Matrix Oct 26
Zurich Kotak,Uttar Pradesh (Group8),UP33 UP42 UP50 UP62,From the insurer RTO list in Commission Matrix Oct 26
Zurich Kotak,Uttar Pradesh (Group9),UP25 UP93 UP17 UP18 UP19 UP22 UP23 UP24 UP26 UP27 UP28 UP30 UP31 UP34 UP35 UP36 UP38 UP40 UP41 UP43 UP44 UP45 UP46 UP51 UP52 UP54 UP55 UP56 UP57 UP58 UP60 UP61 UP63 UP64 UP66 UP67 UP69 UP71 UP73 UP74 UP75 UP76 UP79 UP82 UP84 UP86 UP87 UP90 UP92 UP94 UP95 UP96,From the insurer RTO list in Commission Matrix Oct 26
Zurich Kotak,Uttarakhand (Group1),UK07,From the insurer RTO list in Commission Matrix Oct 26
Zurich Kotak,Uttarakhand (Group2),UK08,From the insurer RTO list in Commission Matrix Oct 26
Zurich Kotak,Uttarakhand (Group3),UK01 UK02 UK03 UK04 UK05 UK09 UK10 UK11 UK12 UK13 UK14 UK15 UK16 UK17 UK18 UK19 UK20 UK21,From the insurer RTO list in Commission Matrix Oct 26
Zurich Kotak,Uttarakhand (Group4),UK06,From the insurer RTO list in Commission Matrix Oct 26
Zurich Kotak,West Bengal (Group1),WB12 WB24 WB16 WB20,From the insurer RTO list in Commission Matrix Oct 26
Zurich Kotak,West Bengal (Group2),WB02 WB06 WB08,From the insurer RTO list in Commission Matrix Oct 26
Zurich Kotak,West Bengal (Group3),WB38 WB40 WB74,From the insurer RTO list in Commission Matrix Oct 26
Zurich Kotak,West Bengal (Group4),WB26,From the insurer RTO list in Commission Matrix Oct 26
Zurich Kotak,West Bengal (Group5),WB11 WB13 WB14 WB15 WB17 WB18 WB19 WB21 WB22 WB23 WB25 WB27 WB28 WB29 WB30 WB31 WB32 WB33 WB34 WB35 WB36 WB37 WB39 WB41 WB43 WB44 WB45 WB46 WB47 WB48 WB49 WB50 WB51 WB52 WB53 WB54 WB55 WB56 WB57 WB58 WB59 WB60 WB61 WB62 WB63 WB64 WB65 WB66 WB67 WB68 WB69 WB70 WB71 WB72 WB73 WB75 WB76 WB77 WB78 WB79 WB81 WB82 WB83 WB84 WB85 WB86 WB87 WB88 WB89 WB90 WB91 WB92 WB93 WB94 WB95 WB96 WB97,From the insurer RTO list in Commission Matrix Oct 26
Zurich Kotak,West Bengal (Group6),WB01 WB03 WB04 WB05 WB07 WB09 WB10,From the insurer RTO list in Commission Matrix Oct 26
Zurich Kotak,West Bengal (Group7),WB42,From the insurer RTO list in Commission Matrix Oct 26
IndusInd General,Delhi / NCR (DL),DL01 DL02 DL03 DL04 DL05 DL06 DL07 DL08 DL09 DL10 DL11 DL12 DL13 DL14 DL15 DL16 DL17 DL18 DL1A DL1B DL1C DL1D DL1E DL1F DL1G DL1H DL1I DL1J DL1K DL1L DL1M DL1N DL1O DL1P DL1Q DL1R DL1S DL1T DL1U DL1V DL1W DL1X DL1Y DL1Z DL2A DL2B DL2C DL2D DL2E DL2F DL2G DL2H DL2I DL2J DL2K DL2L DL2M DL2N DL2O DL2P DL2Q DL2R DL2S DL2T DL2U DL2V DL2W DL2X DL2Y DL2Z DL30 DL3A DL3B DL3C DL3D DL3E DL3F DL3G DL3H DL3I DL3J DL3K DL3L DL3M DL3N DL3O DL3P DL3Q DL3R DL3S DL3T DL3U DL3V DL3W DL3X DL3Y DL3Z DL4A DL4B DL4C DL4D DL4E DL4F DL4G DL4H DL4I DL4J DL4K DL4L DL4M DL4N DL4O DL4P DL4Q DL4R DL4S DL4T DL4U DL4V DL4W DL4X DL4Y DL4Z DL51 DL52 DL53 DL5A DL5B DL5C DL5D DL5E DL5F DL5G DL5H DL5I DL5J DL5K DL5L DL5M DL5N DL5O DL5P DL5Q DL5R DL5S DL5T DL5U DL5V DL5W DL5X DL5Y DL5Z DL6A DL6B DL6C DL6D DL6E DL6F DL6G DL6H DL6I DL6J DL6K DL6L DL6M DL6N DL6O DL6P DL6Q DL6R DL6S DL6T DL6U DL6V DL6W DL6X DL6Y DL6Z DL7A DL7B DL7C DL7D DL7E DL7F DL7G DL7H DL7I DL7J DL7K DL7L DL7M DL7N DL7O DL7P DL7Q DL7R DL7S DL7T DL7U DL7V DL7W DL7X DL7Y DL7Z DL8A DL8B DL8C DL8D DL8E DL8F DL8G DL8H DL8I DL8J DL8K DL8L DL8M DL8N DL8O DL8P DL8Q DL8R DL8S DL8T DL8U DL8V DL8W DL8X DL8Y DL8Z DL9A DL9B DL9C DL9D DL9E DL9F DL9G DL9H DL9I DL9J DL9K DL9L DL9M DL9N DL9O DL9P DL9Q DL9R DL9S DL9T DL9U DL9V DL9W DL9X DL9Y DL9Z HR26 HR29 HR38 HR51 HR55 HR72 HR87 HR98 UP14 UP16 UP18,From the insurer RTO list in Commission Matrix Oct 26
IndusInd General,Delhi / NCR (Delhi),DL01 DL02 DL03 DL04 DL05 DL06 DL07 DL08 DL09 DL10 DL11 DL12 DL13 DL1A DL1B DL1C DL1D DL1E DL1F DL1G DL1H DL1I DL1J DL1K DL1L DL1M DL1N DL1O DL1P DL1Q DL1R DL1S DL1T DL1U DL1V DL1W DL1X DL1Y DL1Z DL2A DL2B DL2C DL2D DL2E DL2F DL2G DL2H DL2I DL2J DL2K DL2L DL2M DL2N DL2O DL2P DL2Q DL2R DL2S DL2T DL2U DL2V DL2W DL2X DL2Y DL2Z DL30 DL3A DL3B DL3C DL3D DL3E DL3F DL3G DL3H DL3I DL3J DL3K DL3L DL3M DL3N DL3O DL3P DL3Q DL3R DL3S DL3T DL3U DL3V DL3W DL3X DL3Y DL3Z DL4A DL4B DL4C DL4D DL4E DL4F DL4G DL4H DL4I DL4J DL4K DL4L DL4M DL4N DL4O DL4P DL4Q DL4R DL4S DL4T DL4U DL4V DL4W DL4X DL4Y DL4Z DL51 DL52 DL53 DL5A DL5B DL5C DL5D DL5E DL5F DL5G DL5H DL5I DL5J DL5K DL5L DL5M DL5N DL5O DL5P DL5Q DL5R DL5S DL5T DL5U DL5V DL5W DL5X DL5Y DL5Z DL6A DL6B DL6C DL6D DL6E DL6F DL6G DL6H DL6I DL6J DL6K DL6L DL6M DL6N DL6O DL6P DL6Q DL6R DL6S DL6T DL6U DL6V DL6W DL6X DL6Y DL6Z DL7A DL7B DL7C DL7D DL7E DL7F DL7G DL7H DL7I DL7J DL7K DL7L DL7M DL7N DL7O DL7P DL7Q DL7R DL7S DL7T DL7U DL7V DL7W DL7X DL7Y DL7Z DL8A DL8B DL8C DL8D DL8E DL8F DL8G DL8H DL8I DL8J DL8K DL8L DL8M DL8N DL8O DL8P DL8Q DL8R DL8S DL8T DL8U DL8V DL8W DL8X DL8Y DL8Z DL9A DL9B DL9C DL9D DL9E DL9F DL9G DL9H DL9I DL9J DL9K DL9L DL9M DL9N DL9O DL9P DL9Q DL9R DL9S DL9T DL9U DL9V DL9W DL9X DL9Y DL9Z,From the insurer RTO list in Commission Matrix Oct 26
IndusInd General,Delhi / NCR (NCR),DL14 DL15 DL16 DL17 DL18 HR26 HR29 HR38 HR51 HR55 HR72 HR87 HR98 UP14 UP16 UP18,From the insurer RTO list in Commission Matrix Oct 26
